Timestamp,UTC,Callsign,Position,Altitude,Speed,Direction,,,,,,,
1754248500,2025-08-03T19:15:00Z,XBKRB,"19.340836,-99.569641",0,0,331,,,,21/07/2025 17:04,19.340836,-99.569641,0.031265067
1754248506,2025-08-03T19:15:06Z,XBKRB,"19.341316,-99.569855",0,17,331,,,,21/07/2025 17:04,19.341316,-99.569855,0.06163758
1754248520,2025-08-03T19:15:20Z,XBKRB,"19.342257,-99.57029",0,16,331,,,,21/07/2025 17:04,19.342257,-99.57029,0.036574069
1754248528,2025-08-03T19:15:28Z,XBKRB,"19.342815,-99.570549",0,0,331,,,,21/07/2025 17:04,19.342815,-99.570549,0.029697813
1754248535,2025-08-03T19:15:35Z,XBKRB,"19.343273,-99.570747",0,17,331,,,,21/07/2025 17:04,19.343273,-99.570747,0.039484805
1754248543,2025-08-03T19:15:43Z,XBKRB,"19.343874,-99.57103",0,15,331,,,,21/07/2025 17:04,19.343874,-99.57103,0.019460511
1754248548,2025-08-03T19:15:48Z,XBKRB,"19.344177,-99.571152",0,13,343,,,,21/07/2025 17:04,19.344177,-99.571152,0.012436545
1754248552,2025-08-03T19:15:52Z,XBKRB,"19.344383,-99.571129",0,11,16,,,,21/07/2025 17:04,19.344383,-99.571129,0.014601542
1754248557,2025-08-03T19:15:57Z,XBKRB,"19.344589,-99.570992",0,10,28,,,,21/07/2025 17:04,19.344589,-99.570992,0.01963231
1754248565,2025-08-03T19:16:05Z,XBKRB,"19.344875,-99.570824",0,7,28,,,,21/07/2025 17:04,19.344875,-99.570824,0.015561187
1754248664,2025-08-03T19:17:44Z,XBKRB,"19.345085,-99.570663",0,9,28,,,,21/07/2025 17:04,19.345085,-99.570663,0.023258824
1754248672,2025-08-03T19:17:52Z,XBKRB,"19.345402,-99.570427",0,14,22,,,,21/07/2025 17:04,19.345402,-99.570427,0.027675935
1754248679,2025-08-03T19:17:59Z,XBKRB,"19.345783,-99.570152",0,9,47,,,,21/07/2025 17:04,19.345783,-99.570152,0.012230854
1754248689,2025-08-03T19:18:09Z,XBKRB,"19.345722,-99.569946",0,3,140,,,,21/07/2025 17:04,19.345722,-99.569946,0.01635475
1754248720,2025-08-03T19:18:40Z,XBKRB,"19.345469,-99.569839",0,19,149,,,,21/07/2025 17:04,19.345469,-99.569839,0.060834989
1754248727,2025-08-03T19:18:47Z,XBKRB,"19.344549,-99.569389",8000,43,155,,,,21/07/2025 17:04,19.344549,-99.569389,0.238690556
1754248741,2025-08-03T19:19:01Z,XBKRB,"19.340881,-99.567764",8000,72,156,,,,21/07/2025 17:04,19.340881,-99.567764,0.379860985
1754248755,2025-08-03T19:19:15Z,XBKRB,"19.335068,-99.565117",8000,105,155,,,,21/07/2025 17:04,19.335068,-99.565117,0.411362159
1754248768,2025-08-03T19:19:28Z,XBKRB,"19.328815,-99.562149",8100,112,155,,,,21/07/2025 17:04,19.328815,-99.562149,0.41232541
1754248781,2025-08-03T19:19:41Z,XBKRB,"19.322577,-99.559105",8250,118,154,,,,21/07/2025 17:04,19.322577,-99.559105,0.4550093
1754248795,2025-08-03T19:19:55Z,XBKRB,"19.315733,-99.555656",8400,119,154,,,,21/07/2025 17:04,19.315733,-99.555656,0.463503319
1754248809,2025-08-03T19:20:09Z,XBKRB,"19.308844,-99.551964",8650,116,152,,,,21/07/2025 17:04,19.308844,-99.551964,0.333327912
1754248819,2025-08-03T19:20:19Z,XBKRB,"19.303677,-99.549812",8775,120,168,,,,21/07/2025 17:04,19.303677,-99.549812,0.087419739
1754248822,2025-08-03T19:20:22Z,XBKRB,"19.302233,-99.549614",8825,120,174,,,,21/07/2025 17:04,19.302233,-99.549614,0.092689368
1754248825,2025-08-03T19:20:25Z,XBKRB,"19.30069,-99.549667",8850,122,186,,,,21/07/2025 17:04,19.30069,-99.549667,0.11882739
1754248828,2025-08-03T19:20:28Z,XBKRB,"19.298767,-99.550163",8900,126,198,,,,21/07/2025 17:04,19.298767,-99.550163,0.070437127
1754248831,2025-08-03T19:20:31Z,XBKRB,"19.297668,-99.550598",8900,129,202,,,,21/07/2025 17:04,19.297668,-99.550598,0.089226439
1754248833,2025-08-03T19:20:33Z,XBKRB,"19.296368,-99.551361",8925,130,210,,,,21/07/2025 17:04,19.296368,-99.551361,0.090200507
1754248835,2025-08-03T19:20:35Z,XBKRB,"19.295105,-99.552223",8950,132,215,,,,21/07/2025 17:04,19.295105,-99.552223,0.112639659
1754248838,2025-08-03T19:20:38Z,XBKRB,"19.293715,-99.553558",8975,130,224,,,,21/07/2025 17:04,19.293715,-99.553558,0.087938429
1754248841,2025-08-03T19:20:41Z,XBKRB,"19.292784,-99.554756",9025,129,234,,,,21/07/2025 17:04,19.292784,-99.554756,0.077575037
1754248843,2025-08-03T19:20:43Z,XBKRB,"19.292086,-99.555908",9050,127,240,,,,21/07/2025 17:04,19.292086,-99.555908,0.093402096
1754248845,2025-08-03T19:20:45Z,XBKRB,"19.291433,-99.557404",9100,124,248,,,,21/07/2025 17:04,19.291433,-99.557404,0.074326992
1754248848,2025-08-03T19:20:48Z,XBKRB,"19.291061,-99.558655",9150,123,254,,,,21/07/2025 17:04,19.291061,-99.558655,0.120743415
1754248851,2025-08-03T19:20:51Z,XBKRB,"19.29071,-99.560753",9225,122,262,,,,21/07/2025 17:04,19.29071,-99.560753,0.1046895
1754248854,2025-08-03T19:20:54Z,XBKRB,"19.290642,-99.562599",9275,124,270,,,,21/07/2025 17:04,19.290642,-99.562599,0.087421377
1754248857,2025-08-03T19:20:57Z,XBKRB,"19.29071,-99.56414",9325,125,272,,,,21/07/2025 17:04,19.29071,-99.56414,0.108570653
1754248860,2025-08-03T19:21:00Z,XBKRB,"19.290874,-99.566048",9350,128,275,,,,21/07/2025 17:04,19.290874,-99.566048,0.083946657
1754248862,2025-08-03T19:21:02Z,XBKRB,"19.291031,-99.56752",9375,129,277,,,,21/07/2025 17:04,19.291031,-99.56752,0.075495218
1754248864,2025-08-03T19:21:04Z,XBKRB,"19.291201,-99.56884",9400,130,279,,,,21/07/2025 17:04,19.291201,-99.56884,0.072247357
1754248866,2025-08-03T19:21:06Z,XBKRB,"19.291433,-99.570091",9400,131,283,,,,21/07/2025 17:04,19.291433,-99.570091,0.082702676
1754248869,2025-08-03T19:21:09Z,XBKRB,"19.291809,-99.571495",9425,130,286,,,,21/07/2025 17:04,19.291809,-99.571495,0.143354841
1754248872,2025-08-03T19:21:12Z,XBKRB,"19.292597,-99.573883",9450,130,290,,,,21/07/2025 17:04,19.292597,-99.573883,0.095019923
1754248875,2025-08-03T19:21:15Z,XBKRB,"19.293203,-99.575432",9475,132,292,,,,21/07/2025 17:04,19.293203,-99.575432,0.115843868
1754248878,2025-08-03T19:21:18Z,XBKRB,"19.293915,-99.577332",9500,135,292,,,,21/07/2025 17:04,19.293915,-99.577332,0.086700852
1754248880,2025-08-03T19:21:20Z,XBKRB,"19.294506,-99.578728",9525,136,292,,,,21/07/2025 17:04,19.294506,-99.578728,0.109747564
1754248883,2025-08-03T19:21:23Z,XBKRB,"19.295197,-99.580521",9575,135,291,,,,21/07/2025 17:04,19.295197,-99.580521,0.091699187
1754248886,2025-08-03T19:21:26Z,XBKRB,"19.295763,-99.582024",9625,134,290,,,,21/07/2025 17:04,19.295763,-99.582024,0.077694021
1754248888,2025-08-03T19:21:28Z,XBKRB,"19.296204,-99.583313",9650,136,291,,,,21/07/2025 17:04,19.296204,-99.583313,0.073724526
1754248890,2025-08-03T19:21:30Z,XBKRB,"19.296648,-99.584526",9675,137,291,,,,21/07/2025 17:04,19.296648,-99.584526,0.105709096
1754248892,2025-08-03T19:21:32Z,XBKRB,"19.297302,-99.586258",9675,140,291,,,,21/07/2025 17:04,19.297302,-99.586258,0.629147441
1754248908,2025-08-03T19:21:48Z,XBKRB,"19.300837,-99.59671",9825,149,290,,,,21/07/2025 17:04,19.300837,-99.59671,0.61963577
1754248923,2025-08-03T19:22:03Z,XBKRB,"19.304443,-99.606956",9925,151,290,,,,21/07/2025 17:04,19.304443,-99.606956,0.557543007
1754248936,2025-08-03T19:22:16Z,XBKRB,"19.308239,-99.615936",10025,157,293,,,,21/07/2025 17:04,19.308239,-99.615936,0.595073533
1754248950,2025-08-03T19:22:30Z,XBKRB,"19.311539,-99.625839",10150,151,287,,,,21/07/2025 17:04,19.311539,-99.625839,0.528257426
1754248962,2025-08-03T19:22:42Z,XBKRB,"19.31424,-99.634712",10250,147,287,,,,21/07/2025 17:04,19.31424,-99.634712,0.546916964
1754248976,2025-08-03T19:22:56Z,XBKRB,"19.317581,-99.643692",10375,148,292,,,,21/07/2025 17:04,19.317581,-99.643692,0.629984718
1754248991,2025-08-03T19:23:11Z,XBKRB,"19.321552,-99.653984",10500,152,290,,,,21/07/2025 17:04,19.321552,-99.653984,0.604970408
1754249005,2025-08-03T19:23:25Z,XBKRB,"19.32523,-99.663925",10600,152,292,,,,21/07/2025 17:04,19.32523,-99.663925,0.619563025
1754249020,2025-08-03T19:23:40Z,XBKRB,"19.329094,-99.674065",10725,150,290,,,,21/07/2025 17:04,19.329094,-99.674065,0.520935628
1754249033,2025-08-03T19:23:53Z,XBKRB,"19.332073,-99.682701",10850,149,290,,,,21/07/2025 17:04,19.332073,-99.682701,0.622147855
1754249048,2025-08-03T19:24:08Z,XBKRB,"19.335705,-99.692986",10975,149,289,,,,21/07/2025 17:04,19.335705,-99.692986,0.573298434
1754249061,2025-08-03T19:24:21Z,XBKRB,"19.339096,-99.702446",11150,151,291,,,,21/07/2025 17:04,19.339096,-99.702446,0.642485576
1754249076,2025-08-03T19:24:36Z,XBKRB,"19.342733,-99.713112",11250,158,289,,,,21/07/2025 17:04,19.342733,-99.713112,0.649733658
1754249091,2025-08-03T19:24:51Z,XBKRB,"19.346785,-99.723747",11375,157,293,,,,21/07/2025 17:04,19.346785,-99.723747,0.571103314
1754249104,2025-08-03T19:25:04Z,XBKRB,"19.350368,-99.733086",11500,158,291,,,,21/07/2025 17:04,19.350368,-99.733086,0.639161323
1754249118,2025-08-03T19:25:18Z,XBKRB,"19.354568,-99.743454",11575,160,293,,,,21/07/2025 17:04,19.354568,-99.743454,0.628508415
1754249132,2025-08-03T19:25:32Z,XBKRB,"19.358688,-99.753654",11675,161,292,,,,21/07/2025 17:04,19.358688,-99.753654,0.580312284
1754249146,2025-08-03T19:25:46Z,XBKRB,"19.362396,-99.763115",11775,161,292,,,,21/07/2025 17:04,19.362396,-99.763115,0.667219477
1754249160,2025-08-03T19:26:00Z,XBKRB,"19.366516,-99.774055",11900,167,291,,,,21/07/2025 17:04,19.366516,-99.774055,0.694935361
1754249175,2025-08-03T19:26:15Z,XBKRB,"19.370991,-99.78537",12025,168,294,,,,21/07/2025 17:04,19.370991,-99.78537,1.416762235
1754249206,2025-08-03T19:26:46Z,XBKRB,"19.379883,-99.80854",12300,165,292,,,,21/07/2025 17:04,19.379883,-99.80854,1.466907292
1754249238,2025-08-03T19:27:18Z,XBKRB,"19.38924,-99.832466",12575,166,291,,,,21/07/2025 17:04,19.38924,-99.832466,1.519971493
1754249271,2025-08-03T19:27:51Z,XBKRB,"19.398876,-99.857285",12850,168,291,,,,21/07/2025 17:04,19.398876,-99.857285,1.448800483
1754249301,2025-08-03T19:28:21Z,XBKRB,"19.40799,-99.880974",13125,170,292,,,,21/07/2025 17:04,19.40799,-99.880974,1.432771191
1754249332,2025-08-03T19:28:52Z,XBKRB,"19.417191,-99.90432",13425,172,292,,,,21/07/2025 17:04,19.417191,-99.90432,1.559603298
1754249364,2025-08-03T19:29:24Z,XBKRB,"19.427412,-99.929642",13750,176,293,,,,21/07/2025 17:04,19.427412,-99.929642,1.563219056
1754249396,2025-08-03T19:29:56Z,XBKRB,"19.437468,-99.955109",14075,179,292,,,,21/07/2025 17:04,19.437468,-99.955109,1.53088605
1754249426,2025-08-03T19:30:26Z,XBKRB,"19.44754,-99.97995",14400,179,292,,,,21/07/2025 17:04,19.44754,-99.97995,1.56403966
1754249457,2025-08-03T19:30:57Z,XBKRB,"19.457672,-100.005402",14775,180,292,,,,21/07/2025 17:04,19.457672,-100.005402,1.559371237
1754249489,2025-08-03T19:31:29Z,XBKRB,"19.46759,-100.030861",15125,176,291,,,,21/07/2025 17:04,19.46759,-100.030861,1.416878129
1754249518,2025-08-03T19:31:58Z,XBKRB,"19.474663,-100.054741",15475,177,281,,,,21/07/2025 17:04,19.474663,-100.054741,0.124865296
1754249521,2025-08-03T19:32:01Z,XBKRB,"19.475052,-100.056908",15500,178,280,,,,21/07/2025 17:04,19.475052,-100.056908,0.12245959
1754249523,2025-08-03T19:32:03Z,XBKRB,"19.475454,-100.059029",15525,178,280,,,,21/07/2025 17:04,19.475454,-100.059029,0.125946015
1754249526,2025-08-03T19:32:06Z,XBKRB,"19.47583,-100.061218",15550,179,279,,,,21/07/2025 17:04,19.47583,-100.061218,1.559270874
1754249558,2025-08-03T19:32:38Z,XBKRB,"19.481739,-100.088043",15900,178,284,,,,21/07/2025 17:04,19.481739,-100.088043,1.575150296
1754249590,2025-08-03T19:33:10Z,XBKRB,"19.489979,-100.114464",16250,177,285,,,,21/07/2025 17:04,19.489979,-100.114464,0.945576309
1754249609,2025-08-03T19:33:29Z,XBKRB,"19.496567,-100.129639",16475,176,297,,,,21/07/2025 17:04,19.496567,-100.129639,0.147381782
1754249612,2025-08-03T19:33:32Z,XBKRB,"19.497711,-100.131943",16500,176,297,,,,21/07/2025 17:04,19.497711,-100.131943,0.123349751
1754249614,2025-08-03T19:33:34Z,XBKRB,"19.498638,-100.133888",16550,176,297,,,,21/07/2025 17:04,19.498638,-100.133888,0.102224395
1754249616,2025-08-03T19:33:36Z,XBKRB,"19.499451,-100.135475",16575,177,298,,,,21/07/2025 17:04,19.499451,-100.135475,0.130342535
1754249619,2025-08-03T19:33:39Z,XBKRB,"19.500504,-100.137489",16600,177,299,,,,21/07/2025 17:04,19.500504,-100.137489,0.116665687
1754249622,2025-08-03T19:33:42Z,XBKRB,"19.501511,-100.139252",16625,177,300,,,,21/07/2025 17:04,19.501511,-100.139252,1.586634562
1754249653,2025-08-03T19:34:13Z,XBKRB,"19.515427,-100.163086",16950,184,301,,,,21/07/2025 17:04,19.515427,-100.163086,1.672835413
1754249685,2025-08-03T19:34:45Z,XBKRB,"19.529781,-100.188423",17250,188,300,,,,21/07/2025 17:04,19.529781,-100.188423,1.017347982
1754249705,2025-08-03T19:35:05Z,XBKRB,"19.537399,-100.204483",17375,195,285,,,,21/07/2025 17:04,19.537399,-100.204483,0.108221333
1754249707,2025-08-03T19:35:07Z,XBKRB,"19.537811,-100.206345",17375,196,282,,,,21/07/2025 17:04,19.537811,-100.206345,0.153243132
1754249709,2025-08-03T19:35:09Z,XBKRB,"19.538315,-100.209",17400,197,280,,,,21/07/2025 17:04,19.538315,-100.209,0.109599143
1754249712,2025-08-03T19:35:12Z,XBKRB,"19.538635,-100.210907",17400,198,279,,,,21/07/2025 17:04,19.538635,-100.210907,0.139434327
1754249714,2025-08-03T19:35:14Z,XBKRB,"19.538998,-100.213341",17400,198,278,,,,21/07/2025 17:04,19.538998,-100.213341,0.127164517
1754249716,2025-08-03T19:35:16Z,XBKRB,"19.539276,-100.215569",17425,199,278,,,,21/07/2025 17:04,19.539276,-100.215569,0.104072484
1754249719,2025-08-03T19:35:19Z,XBKRB,"19.539557,-100.217384",17425,199,278,,,,21/07/2025 17:04,19.539557,-100.217384,0.171397686
1754249722,2025-08-03T19:35:22Z,XBKRB,"19.540009,-100.220375",17450,200,279,,,,21/07/2025 17:04,19.540009,-100.220375,0.135216637
1754249724,2025-08-03T19:35:24Z,XBKRB,"19.540375,-100.222733",17450,200,279,,,,21/07/2025 17:04,19.540375,-100.222733,0.143265513
1754249726,2025-08-03T19:35:26Z,XBKRB,"19.540787,-100.225227",17450,202,280,,,,21/07/2025 17:04,19.540787,-100.225227,0.138187809
1754249729,2025-08-03T19:35:29Z,XBKRB,"19.541233,-100.227623",17475,202,280,,,,21/07/2025 17:04,19.541233,-100.227623,0.137893463
1754249731,2025-08-03T19:35:31Z,XBKRB,"19.541653,-100.230019",17475,202,281,,,,21/07/2025 17:04,19.541653,-100.230019,1.759580865
1754249762,2025-08-03T19:36:02Z,XBKRB,"19.547983,-100.260384",17525,212,282,,,,21/07/2025 17:04,19.547983,-100.260384,1.879399104
1754249793,2025-08-03T19:36:33Z,XBKRB,"19.555161,-100.292717",17525,219,283,,,,21/07/2025 17:04,19.555161,-100.292717,2.036803602
1754249827,2025-08-03T19:37:07Z,XBKRB,"19.563034,-100.327736",17550,219,283,,,,21/07/2025 17:04,19.563034,-100.327736,1.539603405
1754249852,2025-08-03T19:37:32Z,XBKRB,"19.570515,-100.353767",17600,215,293,,,,21/07/2025 17:04,19.570515,-100.353767,0.149148034
1754249855,2025-08-03T19:37:35Z,XBKRB,"19.571503,-100.356186",17625,215,294,,,,21/07/2025 17:04,19.571503,-100.356186,0.204226071
1754249858,2025-08-03T19:37:38Z,XBKRB,"19.572922,-100.359467",17600,216,294,,,,21/07/2025 17:04,19.572922,-100.359467,0.144036279
1754249861,2025-08-03T19:37:41Z,XBKRB,"19.573929,-100.361778",17600,215,294,,,,21/07/2025 17:04,19.573929,-100.361778,0.143676223
1754249863,2025-08-03T19:37:43Z,XBKRB,"19.574936,-100.364082",17600,216,294,,,,21/07/2025 17:04,19.574936,-100.364082,0.118731858
1754249865,2025-08-03T19:37:45Z,XBKRB,"19.57576,-100.36599",17600,214,294,,,,21/07/2025 17:04,19.57576,-100.36599,0.197713048
1754249868,2025-08-03T19:37:48Z,XBKRB,"19.577171,-100.369148",17625,213,294,,,,21/07/2025 17:04,19.577171,-100.369148,0.195050085
1754249871,2025-08-03T19:37:51Z,XBKRB,"19.578552,-100.372269",17625,212,295,,,,21/07/2025 17:04,19.578552,-100.372269,1.772290212
1754249902,2025-08-03T19:38:22Z,XBKRB,"19.59095,-100.400703",17650,209,289,,,,21/07/2025 17:04,19.59095,-100.400703,1.841536348
1754249933,2025-08-03T19:38:53Z,XBKRB,"19.601519,-100.431267",17650,214,291,,,,21/07/2025 17:04,19.601519,-100.431267,1.815551432
1754249964,2025-08-03T19:39:24Z,XBKRB,"19.614212,-100.460403",17650,216,299,,,,21/07/2025 17:04,19.614212,-100.460403,1.944181626
1754249996,2025-08-03T19:39:56Z,XBKRB,"19.628952,-100.491013",17650,209,295,,,,21/07/2025 17:04,19.628952,-100.491013,0.645991932
1754250008,2025-08-03T19:40:08Z,XBKRB,"19.634523,-100.500786",17650,203,309,,,,21/07/2025 17:04,19.634523,-100.500786,0.140648757
1754250010,2025-08-03T19:40:10Z,XBKRB,"19.636093,-100.502632",17625,203,312,,,,21/07/2025 17:04,19.636093,-100.502632,0.179697005
1754250013,2025-08-03T19:40:13Z,XBKRB,"19.638199,-100.50489",17650,201,314,,,,21/07/2025 17:04,19.638199,-100.50489,0.134831228
1754250016,2025-08-03T19:40:16Z,XBKRB,"19.639801,-100.506561",17650,200,315,,,,21/07/2025 17:04,19.639801,-100.506561,0.105142646
1754250018,2025-08-03T19:40:18Z,XBKRB,"19.641041,-100.507874",17650,200,315,,,,21/07/2025 17:04,19.641041,-100.507874,0.121089475
1754250020,2025-08-03T19:40:20Z,XBKRB,"19.642485,-100.509369",17650,200,315,,,,21/07/2025 17:04,19.642485,-100.509369,0.140858305
1754250022,2025-08-03T19:40:22Z,XBKRB,"19.64415,-100.511124",17650,200,314,,,,21/07/2025 17:04,19.64415,-100.511124,0.105468034
1754250025,2025-08-03T19:40:25Z,XBKRB,"19.64537,-100.512466",17650,200,313,,,,21/07/2025 17:04,19.64537,-100.512466,0.173707665
1754250027,2025-08-03T19:40:27Z,XBKRB,"19.647354,-100.514702",17625,202,312,,,,21/07/2025 17:04,19.647354,-100.514702,0.134744586
1754250030,2025-08-03T19:40:30Z,XBKRB,"19.648865,-100.516464",17625,202,311,,,,21/07/2025 17:04,19.648865,-100.516464,0.093263161
1754250032,2025-08-03T19:40:32Z,XBKRB,"19.649885,-100.517708",17625,202,310,,,,21/07/2025 17:04,19.649885,-100.517708,1.818061689
1754250063,2025-08-03T19:41:03Z,XBKRB,"19.669252,-100.542427",17650,202,310,,,,21/07/2025 17:04,19.669252,-100.542427,1.710696037
1754250094,2025-08-03T19:41:34Z,XBKRB,"19.688385,-100.56485",17675,203,312,,,,21/07/2025 17:04,19.688385,-100.56485,1.868187884
1754250127,2025-08-03T19:42:07Z,XBKRB,"19.709015,-100.589592",17650,204,311,,,,21/07/2025 17:04,19.709015,-100.589592,1.781448193
1754250158,2025-08-03T19:42:38Z,XBKRB,"19.72879,-100.613091",17650,201,311,,,,21/07/2025 17:04,19.72879,-100.613091,1.786505909
1754250190,2025-08-03T19:43:10Z,XBKRB,"19.748297,-100.636963",17650,202,310,,,,21/07/2025 17:04,19.748297,-100.636963,1.809388767
1754250223,2025-08-03T19:43:43Z,XBKRB,"19.767849,-100.661331",17650,197,310,,,,21/07/2025 17:04,19.767849,-100.661331,1.699055494
1754250253,2025-08-03T19:44:13Z,XBKRB,"19.785553,-100.684792",17650,200,307,,,,21/07/2025 17:04,19.785553,-100.684792,1.786010788
1754250285,2025-08-03T19:44:45Z,XBKRB,"19.804207,-100.709419",17650,198,310,,,,21/07/2025 17:04,19.804207,-100.709419,1.703118175
1754250316,2025-08-03T19:45:16Z,XBKRB,"19.822495,-100.732468",17675,195,309,,,,21/07/2025 17:04,19.822495,-100.732468,1.697759391
1754250348,2025-08-03T19:45:48Z,XBKRB,"19.840759,-100.755417",17675,195,310,,,,21/07/2025 17:04,19.840759,-100.755417,1.735146719
1754250380,2025-08-03T19:46:20Z,XBKRB,"19.859756,-100.778572",17675,193,312,,,,21/07/2025 17:04,19.859756,-100.778572,1.766478546
1754250413,2025-08-03T19:46:53Z,XBKRB,"19.879852,-100.801422",17650,195,313,,,,21/07/2025 17:04,19.879852,-100.801422,1.651533863
1754250443,2025-08-03T19:47:23Z,XBKRB,"19.898621,-100.822807",17650,197,312,,,,21/07/2025 17:04,19.898621,-100.822807,1.760033263
1754250475,2025-08-03T19:47:55Z,XBKRB,"19.918259,-100.845955",17650,195,314,,,,21/07/2025 17:04,19.918259,-100.845955,1.01990332
1754250493,2025-08-03T19:48:13Z,XBKRB,"19.930984,-100.857925",17650,193,320,,,,21/07/2025 17:04,19.930984,-100.857925,1.738947796
1754250526,2025-08-03T19:48:46Z,XBKRB,"19.952988,-100.87796",17650,191,319,,,,21/07/2025 17:04,19.952988,-100.87796,1.6535942
1754250557,2025-08-03T19:49:17Z,XBKRB,"19.974169,-100.89669",17650,190,320,,,,21/07/2025 17:04,19.974169,-100.89669,1.638441016
1754250588,2025-08-03T19:49:48Z,XBKRB,"19.995071,-100.915359",17650,194,317,,,,21/07/2025 17:04,19.995071,-100.915359,0.89185332
1754250604,2025-08-03T19:50:04Z,XBKRB,"20.005234,-100.926888",17650,197,310,,,,21/07/2025 17:04,20.005234,-100.926888,0.140690691
1754250607,2025-08-03T19:50:07Z,XBKRB,"20.006744,-100.928795",17650,197,310,,,,21/07/2025 17:04,20.006744,-100.928795,0.162277436
1754250610,2025-08-03T19:50:10Z,XBKRB,"20.00853,-100.930954",17650,195,310,,,,21/07/2025 17:04,20.00853,-100.930954,1.699858753
1754250641,2025-08-03T19:50:41Z,XBKRB,"20.026978,-100.953812",17650,196,310,,,,21/07/2025 17:04,20.026978,-100.953812,1.718085294
1754250673,2025-08-03T19:51:13Z,XBKRB,"20.045486,-100.977043",17650,198,310,,,,21/07/2025 17:04,20.045486,-100.977043,1.80795686
1754250705,2025-08-03T19:51:45Z,XBKRB,"20.065292,-101.00119",17575,201,311,,,,21/07/2025 17:04,20.065292,-101.00119,1.689793746
1754250736,2025-08-03T19:52:16Z,XBKRB,"20.083567,-101.023979",17650,198,309,,,,21/07/2025 17:04,20.083567,-101.023979,1.850731849
1754250770,2025-08-03T19:52:50Z,XBKRB,"20.103352,-101.049149",17650,200,309,,,,21/07/2025 17:04,20.103352,-101.049149,1.917674286
1754250804,2025-08-03T19:53:24Z,XBKRB,"20.123886,-101.075203",17650,200,309,,,,21/07/2025 17:04,20.123886,-101.075203,1.829433315
1754250837,2025-08-03T19:53:57Z,XBKRB,"20.144363,-101.099236",17675,201,316,,,,21/07/2025 17:04,20.144363,-101.099236,1.741387068
1754250868,2025-08-03T19:54:28Z,XBKRB,"20.165916,-101.119911",17650,199,318,,,,21/07/2025 17:04,20.165916,-101.119911,1.729181196
1754250899,2025-08-03T19:54:59Z,XBKRB,"20.187937,-101.139687",17650,199,320,,,,21/07/2025 17:04,20.187937,-101.139687,1.769601764
1754250931,2025-08-03T19:55:31Z,XBKRB,"20.210794,-101.159515",17650,199,320,,,,21/07/2025 17:04,20.210794,-101.159515,1.708419742
1754250961,2025-08-03T19:56:01Z,XBKRB,"20.23288,-101.178635",17650,199,320,,,,21/07/2025 17:04,20.23288,-101.178635,0.860720953
1754250977,2025-08-03T19:56:17Z,XBKRB,"20.244637,-101.187378",17675,195,330,,,,21/07/2025 17:04,20.244637,-101.187378,0.091351178
1754250979,2025-08-03T19:56:19Z,XBKRB,"20.245972,-101.188156",17675,195,331,,,,21/07/2025 17:04,20.245972,-101.188156,0.142665138
1754250981,2025-08-03T19:56:21Z,XBKRB,"20.248077,-101.189331",17650,195,332,,,,21/07/2025 17:04,20.248077,-101.189331,0.119367072
1754250984,2025-08-03T19:56:24Z,XBKRB,"20.249863,-101.190262",17650,195,333,,,,21/07/2025 17:04,20.249863,-101.190262,0.119312865
1754250986,2025-08-03T19:56:26Z,XBKRB,"20.251648,-101.191193",17650,195,334,,,,21/07/2025 17:04,20.251648,-101.191193,0.130511409
1754250988,2025-08-03T19:56:28Z,XBKRB,"20.253616,-101.192177",17650,195,334,,,,21/07/2025 17:04,20.253616,-101.192177,0.142713376
1754250991,2025-08-03T19:56:31Z,XBKRB,"20.255768,-101.193253",17650,195,334,,,,21/07/2025 17:04,20.255768,-101.193253,0.12534097
1754250993,2025-08-03T19:56:33Z,XBKRB,"20.257671,-101.194168",17650,195,335,,,,21/07/2025 17:04,20.257671,-101.194168,0.107708581
1754250995,2025-08-03T19:56:35Z,XBKRB,"20.2593,-101.194969",17650,194,335,,,,21/07/2025 17:04,20.2593,-101.194969,0.135147955
1754250997,2025-08-03T19:56:37Z,XBKRB,"20.261353,-101.195953",17650,194,335,,,,21/07/2025 17:04,20.261353,-101.195953,0.101578958
1754251000,2025-08-03T19:56:40Z,XBKRB,"20.262886,-101.196716",17650,195,335,,,,21/07/2025 17:04,20.262886,-101.196716,1.673018946
1754251030,2025-08-03T19:57:10Z,XBKRB,"20.288132,-101.20929",17650,196,334,,,,21/07/2025 17:04,20.288132,-101.20929,1.744113583
1754251062,2025-08-03T19:57:42Z,XBKRB,"20.314499,-101.22229",17650,196,335,,,,21/07/2025 17:04,20.314499,-101.22229,1.818153332
1754251095,2025-08-03T19:58:15Z,XBKRB,"20.342056,-101.23568",17375,206,336,,,,21/07/2025 17:04,20.342056,-101.23568,1.919184567
1754251128,2025-08-03T19:58:48Z,XBKRB,"20.37219,-101.247055",17000,208,342,,,,21/07/2025 17:04,20.37219,-101.247055,1.811493606
1754251159,2025-08-03T19:59:19Z,XBKRB,"20.401007,-101.256592",16675,209,342,,,,21/07/2025 17:04,20.401007,-101.256592,1.796182886
1754251189,2025-08-03T19:59:49Z,XBKRB,"20.429626,-101.265892",16325,212,343,,,,21/07/2025 17:04,20.429626,-101.265892,1.896152682
1754251222,2025-08-03T20:00:22Z,XBKRB,"20.459988,-101.275169",15950,211,343,,,,21/07/2025 17:04,20.459988,-101.275169,1.791571777
1754251252,2025-08-03T20:00:52Z,XBKRB,"20.48871,-101.283806",15600,209,344,,,,21/07/2025 17:04,20.48871,-101.283806,1.806798529
1754251283,2025-08-03T20:01:23Z,XBKRB,"20.5177,-101.292427",15225,211,344,,,,21/07/2025 17:04,20.5177,-101.292427,2.013539943
1754251317,2025-08-03T20:01:57Z,XBKRB,"20.55002,-101.301987",14650,213,344,,,,21/07/2025 17:04,20.55002,-101.301987,1.967563646
1754251350,2025-08-03T20:02:30Z,XBKRB,"20.581629,-101.311226",14125,210,342,,,,21/07/2025 17:04,20.581629,-101.311226,1.834866845
1754251381,2025-08-03T20:03:01Z,XBKRB,"20.610123,-101.323029",13600,211,335,,,,21/07/2025 17:04,20.610123,-101.323029,1.844041063
1754251413,2025-08-03T20:03:33Z,XBKRB,"20.638237,-101.336243",13100,210,336,,,,21/07/2025 17:04,20.638237,-101.336243,1.950584426
1754251446,2025-08-03T20:04:06Z,XBKRB,"20.668076,-101.349976",12600,210,340,,,,21/07/2025 17:04,20.668076,-101.349976,0.446125041
1754251454,2025-08-03T20:04:14Z,XBKRB,"20.675291,-101.351875",12500,203,348,,,,21/07/2025 17:04,20.675291,-101.351875,0.132497894
1754251456,2025-08-03T20:04:16Z,XBKRB,"20.67746,-101.35231",12450,202,350,,,,21/07/2025 17:04,20.67746,-101.35231,0.128194544
1754251459,2025-08-03T20:04:19Z,XBKRB,"20.679575,-101.352623",12425,201,352,,,,21/07/2025 17:04,20.679575,-101.352623,0.112345093
1754251461,2025-08-03T20:04:21Z,XBKRB,"20.681437,-101.352821",12375,202,353,,,,21/07/2025 17:04,20.681437,-101.352821,0.146626703
1754251463,2025-08-03T20:04:23Z,XBKRB,"20.683857,-101.353172",12325,201,352,,,,21/07/2025 17:04,20.683857,-101.353172,0.13602809
1754251465,2025-08-03T20:04:25Z,XBKRB,"20.686092,-101.353569",12300,202,350,,,,21/07/2025 17:04,20.686092,-101.353569,0.122768746
1754251467,2025-08-03T20:04:27Z,XBKRB,"20.688093,-101.354019",12275,201,347,,,,21/07/2025 17:04,20.688093,-101.354019,0.101133488
1754251470,2025-08-03T20:04:30Z,XBKRB,"20.689724,-101.354469",12250,201,345,,,,21/07/2025 17:04,20.689724,-101.354469,0.838373756
1754251485,2025-08-03T20:04:45Z,XBKRB,"20.703049,-101.358932",12000,203,339,,,,21/07/2025 17:04,20.703049,-101.358932,0.146566604
1754251487,2025-08-03T20:04:47Z,XBKRB,"20.705292,-101.359962",11975,204,336,,,,21/07/2025 17:04,20.705292,-101.359962,0.115635027
1754251489,2025-08-03T20:04:49Z,XBKRB,"20.707031,-101.360847",11950,205,332,,,,21/07/2025 17:04,20.707031,-101.360847,0.12135745
1754251491,2025-08-03T20:04:51Z,XBKRB,"20.708763,-101.361961",11900,206,328,,,,21/07/2025 17:04,20.708763,-101.361961,0.151210572
1754251494,2025-08-03T20:04:54Z,XBKRB,"20.710857,-101.363457",11875,208,325,,,,21/07/2025 17:04,20.710857,-101.363457,0.108441509
1754251496,2025-08-03T20:04:56Z,XBKRB,"20.712296,-101.364624",11850,208,321,,,,21/07/2025 17:04,20.712296,-101.364624,0.146441057
1754251498,2025-08-03T20:04:58Z,XBKRB,"20.714163,-101.366302",11800,209,318,,,,21/07/2025 17:04,20.714163,-101.366302,0.106969992
1754251500,2025-08-03T20:05:00Z,XBKRB,"20.7155,-101.367561",11775,209,317,,,,21/07/2025 17:04,20.7155,-101.367561,0.148658756
1754251502,2025-08-03T20:05:02Z,XBKRB,"20.717281,-101.3694",11750,209,315,,,,21/07/2025 17:04,20.717281,-101.3694,0.152552439
1754251505,2025-08-03T20:05:05Z,XBKRB,"20.719097,-101.3713",11700,210,314,,,,21/07/2025 17:04,20.719097,-101.3713,0.138528521
1754251507,2025-08-03T20:05:07Z,XBKRB,"20.720726,-101.373047",11675,210,314,,,,21/07/2025 17:04,20.720726,-101.373047,0.124557462
1754251509,2025-08-03T20:05:09Z,XBKRB,"20.722183,-101.374626",11625,210,315,,,,21/07/2025 17:04,20.722183,-101.374626,0.111030414
1754251512,2025-08-03T20:05:12Z,XBKRB,"20.72352,-101.375992",11600,210,315,,,,21/07/2025 17:04,20.72352,-101.375992,0.169026239
1754251514,2025-08-03T20:05:14Z,XBKRB,"20.725525,-101.378105",11550,209,316,,,,21/07/2025 17:04,20.725525,-101.378105,0.14994648
1754251517,2025-08-03T20:05:17Z,XBKRB,"20.727356,-101.379921",11500,208,316,,,,21/07/2025 17:04,20.727356,-101.379921,0.130549626
1754251519,2025-08-03T20:05:19Z,XBKRB,"20.728958,-101.381493",11475,208,317,,,,21/07/2025 17:04,20.728958,-101.381493,0.11896548
1754251521,2025-08-03T20:05:21Z,XBKRB,"20.730455,-101.382881",11450,206,318,,,,21/07/2025 17:04,20.730455,-101.382881,0.750322555
1754251534,2025-08-03T20:05:34Z,XBKRB,"20.739906,-101.391624",11225,209,319,,,,21/07/2025 17:04,20.739906,-101.391624,0.862184994
1754251549,2025-08-03T20:05:49Z,XBKRB,"20.750893,-101.401512",11000,209,319,,,,21/07/2025 17:04,20.750893,-101.401512,0.84672774
1754251564,2025-08-03T20:06:04Z,XBKRB,"20.762558,-101.409988",10775,201,327,,,,21/07/2025 17:04,20.762558,-101.409988,0.302208122
1754251569,2025-08-03T20:06:09Z,XBKRB,"20.766861,-101.412781",10575,202,329,,,,21/07/2025 17:04,20.766861,-101.412781,0.181269989
1754251572,2025-08-03T20:06:12Z,XBKRB,"20.76947,-101.414406",10475,201,330,,,,21/07/2025 17:04,20.76947,-101.414406,0.149766827
1754251575,2025-08-03T20:06:15Z,XBKRB,"20.771654,-101.415695",10425,199,330,,,,21/07/2025 17:04,20.771654,-101.415695,0.750701608
1754251589,2025-08-03T20:06:29Z,XBKRB,"20.782455,-101.422432",10200,194,326,,,,21/07/2025 17:04,20.782455,-101.422432,0.674788911
1754251601,2025-08-03T20:06:41Z,XBKRB,"20.791946,-101.428871",9900,192,328,,,,21/07/2025 17:04,20.791946,-101.428871,0.688881498
1754251614,2025-08-03T20:06:54Z,XBKRB,"20.801834,-101.435097",9650,188,330,,,,21/07/2025 17:04,20.801834,-101.435097,0.72915093
1754251628,2025-08-03T20:07:08Z,XBKRB,"20.812574,-101.441162",9400,185,333,,,,21/07/2025 17:04,20.812574,-101.441162,0.686582544
1754251642,2025-08-03T20:07:22Z,XBKRB,"20.822937,-101.446335",9075,186,335,,,,21/07/2025 17:04,20.822937,-101.446335,0.755585475
1754251656,2025-08-03T20:07:36Z,XBKRB,"20.834427,-101.451828",8725,188,335,,,,21/07/2025 17:04,20.834427,-101.451828,0.730556109
1754251670,2025-08-03T20:07:50Z,XBKRB,"20.845459,-101.457321",8425,186,334,,,,21/07/2025 17:04,20.845459,-101.457321,0.730340739
1754251684,2025-08-03T20:08:04Z,XBKRB,"20.85652,-101.462738",8200,182,336,,,,21/07/2025 17:04,20.85652,-101.462738,0.636213922
1754251697,2025-08-03T20:08:17Z,XBKRB,"20.866249,-101.467232",8000,180,337,,,,21/07/2025 17:04,20.866249,-101.467232,0.644106972
1754251710,2025-08-03T20:08:30Z,XBKRB,"20.876175,-101.471588",7850,173,338,,,,21/07/2025 17:04,20.876175,-101.471588,0.676016251
1754251724,2025-08-03T20:08:44Z,XBKRB,"20.886703,-101.475861",7550,179,338,,,,21/07/2025 17:04,20.886703,-101.475861,0.75252535
1754251739,2025-08-03T20:08:59Z,XBKRB,"20.898277,-101.48101",7175,180,337,,,,21/07/2025 17:04,20.898277,-101.48101,5.089681276
1754251849,2025-08-03T20:10:49Z,XBKRB,"20.976393,-101.516266",6775,148,324,,,,21/07/2025 17:04,20.976393,-101.516266,0.564999545
1754251864,2025-08-03T20:11:04Z,XBKRB,"20.983887,-101.522362",6725,131,321,,,,21/07/2025 17:04,20.983887,-101.522362,0.226091688
1754251871,2025-08-03T20:11:11Z,XBKRB,"20.987045,-101.524559",6700,126,335,,,,21/07/2025 17:04,20.987045,-101.524559,0.097018244
1754251873,2025-08-03T20:11:13Z,XBKRB,"20.988543,-101.525208",6675,126,341,,,,21/07/2025 17:04,20.988543,-101.525208,0.063069711
1754251875,2025-08-03T20:11:15Z,XBKRB,"20.989567,-101.525459",6650,128,347,,,,21/07/2025 17:04,20.989567,-101.525459,0.079022548
1754251878,2025-08-03T20:11:18Z,XBKRB,"20.99087,-101.525658",6625,129,353,,,,21/07/2025 17:04,20.99087,-101.525658,0.103536561
1754251880,2025-08-03T20:11:20Z,XBKRB,"20.992592,-101.525757",6550,132,356,,,,21/07/2025 17:04,20.992592,-101.525757,0.068374185
1754251882,2025-08-03T20:11:22Z,XBKRB,"20.993729,-101.525688",6500,131,4,,,,21/07/2025 17:04,20.993729,-101.525688,0.097452341
1754251885,2025-08-03T20:11:25Z,XBKRB,"20.995338,-101.525459",6475,129,9,,,,21/07/2025 17:04,20.995338,-101.525459,0.071946502
1754251887,2025-08-03T20:11:27Z,XBKRB,"20.996502,-101.525154",6450,126,17,,,,21/07/2025 17:04,20.996502,-101.525154,0.092890465
1754251889,2025-08-03T20:11:29Z,XBKRB,"20.997946,-101.524559",6425,125,23,,,,21/07/2025 17:04,20.997946,-101.524559,0.086905633
1754251892,2025-08-03T20:11:32Z,XBKRB,"20.999222,-101.523827",6400,124,29,,,,21/07/2025 17:04,20.999222,-101.523827,0.067970096
1754251894,2025-08-03T20:11:34Z,XBKRB,"21.000183,-101.523186",6350,125,32,,,,21/07/2025 17:04,21.000183,-101.523186,0.08128109
1754251896,2025-08-03T20:11:36Z,XBKRB,"21.001297,-101.522362",6325,125,36,,,,21/07/2025 17:04,21.001297,-101.522362,0.089539546
1754251898,2025-08-03T20:11:38Z,XBKRB,"21.00246,-101.521362",6300,124,38,,,,21/07/2025 17:04,21.00246,-101.521362,0.067648939
1754251901,2025-08-03T20:11:41Z,XBKRB,"21.003345,-101.520615",6275,122,40,,,,21/07/2025 17:04,21.003345,-101.520615,0.084616496
1754251903,2025-08-03T20:11:43Z,XBKRB,"21.004395,-101.519608",6275,120,40,,,,21/07/2025 17:04,21.004395,-101.519608,0.085570144
1754251906,2025-08-03T20:11:46Z,XBKRB,"21.005447,-101.518578",6225,119,42,,,,21/07/2025 17:04,21.005447,-101.518578,0.079899649
1754251908,2025-08-03T20:11:48Z,XBKRB,"21.006409,-101.517593",6225,118,43,,,,21/07/2025 17:04,21.006409,-101.517593,0.09442283
1754251911,2025-08-03T20:11:51Z,XBKRB,"21.007536,-101.516418",6200,115,44,,,,21/07/2025 17:04,21.007536,-101.516418,0.078610356
1754251913,2025-08-03T20:11:53Z,XBKRB,"21.008469,-101.515434",6200,113,46,,,,21/07/2025 17:04,21.008469,-101.515434,0.073755972
1754251916,2025-08-03T20:11:56Z,XBKRB,"21.009293,-101.514458",6175,112,48,,,,21/07/2025 17:04,21.009293,-101.514458,0.085382857
1754251919,2025-08-03T20:11:59Z,XBKRB,"21.010189,-101.513275",6150,112,52,,,,21/07/2025 17:04,21.010189,-101.513275,0.072160746
1754251921,2025-08-03T20:12:01Z,XBKRB,"21.010849,-101.512199",6100,112,57,,,,21/07/2025 17:04,21.010849,-101.512199,0.062513891
1754251923,2025-08-03T20:12:03Z,XBKRB,"21.011353,-101.511223",6075,113,65,,,,21/07/2025 17:04,21.011353,-101.511223,0.076913089
1754251926,2025-08-03T20:12:06Z,XBKRB,"21.01181,-101.509941",6050,113,73,,,,21/07/2025 17:04,21.01181,-101.509941,0.094657337
1754251928,2025-08-03T20:12:08Z,XBKRB,"21.012085,-101.508278",6025,114,81,,,,21/07/2025 17:04,21.012085,-101.508278,0.097917243
1754251931,2025-08-03T20:12:11Z,XBKRB,"21.012098,-101.506531",6025,112,91,,,,21/07/2025 17:04,21.012098,-101.506531,0.05935323
1754251934,2025-08-03T20:12:14Z,XBKRB,"21.011993,-101.505478",6000,111,97,,,,21/07/2025 17:04,21.011993,-101.505478,0.065028309
1754251936,2025-08-03T20:12:16Z,XBKRB,"21.011818,-101.504333",6000,112,102,,,,21/07/2025 17:04,21.011818,-101.504333,0.113246821
1754251939,2025-08-03T20:12:19Z,XBKRB,"21.011307,-101.502388",5925,114,106,,,,21/07/2025 17:04,21.011307,-101.502388,0.069316061
1754251941,2025-08-03T20:12:21Z,XBKRB,"21.010887,-101.501236",5900,112,111,,,,21/07/2025 17:04,21.010887,-101.501236,0.062169139
1754251943,2025-08-03T20:12:23Z,XBKRB,"21.010437,-101.500237",5875,110,117,,,,21/07/2025 17:04,21.010437,-101.500237,0.059624519
1754251945,2025-08-03T20:12:25Z,XBKRB,"21.009909,-101.499336",5850,107,124,,,,21/07/2025 17:04,21.009909,-101.499336,0.069329687
1754251948,2025-08-03T20:12:28Z,XBKRB,"21.009165,-101.49839",5825,104,132,,,,21/07/2025 17:04,21.009165,-101.49839,0.057605196
1754251950,2025-08-03T20:12:30Z,XBKRB,"21.008514,-101.497635",5800,101,132,,,,21/07/2025 17:04,21.008514,-101.497635,0.085634328
1754251953,2025-08-03T20:12:33Z,XBKRB,"21.007553,-101.496506",5775,99,133,,,,21/07/2025 17:04,21.007553,-101.496506,0.06016122
1754251955,2025-08-03T20:12:35Z,XBKRB,"21.006821,-101.495773",5750,98,134,,,,21/07/2025 17:04,21.006821,-101.495773,0.067685363
1754251957,2025-08-03T20:12:37Z,XBKRB,"21.006046,-101.494896",5725,96,133,,,,21/07/2025 17:04,21.006046,-101.494896,0.063374458
1754251960,2025-08-03T20:12:40Z,XBKRB,"21.005301,-101.494095",5700,96,134,,,,21/07/2025 17:04,21.005301,-101.494095,0.053221305
1754251962,2025-08-03T20:12:42Z,XBKRB,"21.004696,-101.493401",5675,93,135,,,,21/07/2025 17:04,21.004696,-101.493401,0.064603315
1754251964,2025-08-03T20:12:44Z,XBKRB,"21.003937,-101.492584",5650,90,134,,,,21/07/2025 17:04,21.003937,-101.492584,0.046444893
1754251967,2025-08-03T20:12:47Z,XBKRB,"21.003391,-101.491997",5625,86,134,,,,21/07/2025 17:04,21.003391,-101.491997,0.063055127
1754251969,2025-08-03T20:12:49Z,XBKRB,"21.002647,-101.491203",5625,82,134,,,,21/07/2025 17:04,21.002647,-101.491203,0.059695317
1754251972,2025-08-03T20:12:52Z,XBKRB,"21.001968,-101.490425",5625,81,134,,,,21/07/2025 17:04,21.001968,-101.490425,0.065093815
1754251975,2025-08-03T20:12:55Z,XBKRB,"21.001204,-101.489601",5625,73,135,,,,21/07/2025 17:04,21.001204,-101.489601,0.209646961
1754251990,2025-08-03T20:13:10Z,XBKRB,"20.998737,-101.486954",5625,40,133,,,,21/07/2025 17:04,20.998737,-101.486954,0.104706629
1754252003,2025-08-03T20:13:23Z,XBKRB,"20.997503,-101.485634",0,15,154,,,,21/07/2025 17:04,20.997503,-101.485634,0.016695499
1754252007,2025-08-03T20:13:27Z,XBKRB,"20.997225,-101.485641",0,14,196,,,,21/07/2025 17:04,20.997225,-101.485641,0.018747568
1754252012,2025-08-03T20:13:32Z,XBKRB,"20.996979,-101.485847",0,14,219,,,,21/07/2025 17:04,20.996979,-101.485847,0.018232784
1754252017,2025-08-03T20:13:37Z,XBKRB,"20.996771,-101.486084",0,13,216,,,,21/07/2025 17:04,20.996771,-101.486084,0.016528467
1754252022,2025-08-03T20:13:42Z,XBKRB,"20.996567,-101.486282",0,13,219,,,,21/07/2025 17:04,20.996567,-101.486282,0.018455164
1754252027,2025-08-03T20:13:47Z,XBKRB,"20.99634,-101.486504",0,13,210,,,,21/07/2025 17:04,20.99634,-101.486504,0.01901953
1754252033,2025-08-03T20:13:53Z,XBKRB,"20.996037,-101.486603",0,9,160,,,,21/07/2025 17:04,20.996037,-101.486603,0.014997294
1754252039,2025-08-03T20:13:59Z,XBKRB,"20.995823,-101.486465",0,11,135,,,,21/07/2025 17:04,20.995823,-101.486465,0.017504969
1754252044,2025-08-03T20:14:04Z,XBKRB,"20.995617,-101.486244",0,14,129,,,,21/07/2025 17:04,20.995617,-101.486244,0.025936899
1754252050,2025-08-03T20:14:10Z,XBKRB,"20.995319,-101.485909",0,16,129,,,,21/07/2025 17:04,20.995319,-101.485909,0.017544852
1754252053,2025-08-03T20:14:13Z,XBKRB,"20.995113,-101.485687",0,18,129,,,,21/07/2025 17:04,20.995113,-101.485687,0.019712117
1754252057,2025-08-03T20:14:17Z,XBKRB,"20.994884,-101.485435",0,18,129,,,,21/07/2025 17:04,20.994884,-101.485435,0.026354717
1754252062,2025-08-03T20:14:22Z,XBKRB,"20.994576,-101.4851",0,18,129,,,,21/07/2025 17:04,20.994576,-101.4851,0.024830375
1754252067,2025-08-03T20:14:27Z,XBKRB,"20.994291,-101.484779",0,19,129,,,,21/07/2025 17:04,20.994291,-101.484779,0.039146329
1754252074,2025-08-03T20:14:34Z,XBKRB,"20.993832,-101.484283",0,20,129,,,,21/07/2025 17:04,20.993832,-101.484283,0.044221394
1754252082,2025-08-03T20:14:42Z,XBKRB,"20.993317,-101.483719",0,19,129,,,,21/07/2025 17:04,20.993317,-101.483719,0.040529447
1754252090,2025-08-03T20:14:50Z,XBKRB,"20.992847,-101.4832",0,19,129,,,,21/07/2025 17:04,20.992847,-101.4832,0.038616811
1754252097,2025-08-03T20:14:57Z,XBKRB,"20.992393,-101.482712",0,17,129,,,,21/07/2025 17:04,20.992393,-101.482712,0.032086054
1754252104,2025-08-03T20:15:04Z,XBKRB,"20.992022,-101.4823",0,19,129,,,,21/07/2025 17:04,20.992022,-101.4823,0.043031048
1754252111,2025-08-03T20:15:11Z,XBKRB,"20.991522,-101.48175",0,19,129,,,,21/07/2025 17:04,20.991522,-101.48175,0.04398696
1754252120,2025-08-03T20:15:20Z,XBKRB,"20.991005,-101.481194",0,19,126,,,,21/07/2025 17:04,20.991005,-101.481194,0.040811359
1754252127,2025-08-03T20:15:27Z,XBKRB,"20.990536,-101.480667",0,18,129,,,,21/07/2025 17:04,20.990536,-101.480667,0.037537719
1754252135,2025-08-03T20:15:35Z,XBKRB,"20.990101,-101.480186",0,16,129,,,,21/07/2025 17:04,20.990101,-101.480186,0.031234881
1754252142,2025-08-03T20:15:42Z,XBKRB,"20.989735,-101.47979",0,15,126,,,,21/07/2025 17:04,20.989735,-101.47979,0.017999924
1754252148,2025-08-03T20:15:48Z,XBKRB,"20.989494,-101.479599",0,9,163,,,,21/07/2025 17:04,20.989494,-101.479599,0.012958746
1754252153,2025-08-03T20:15:53Z,XBKRB,"20.989288,-101.479668",0,10,210,,,,21/07/2025 17:04,20.989288,-101.479668,0.01767199
1754252159,2025-08-03T20:15:59Z,XBKRB,"20.989071,-101.479881",0,10,210,,,,21/07/2025 17:04,20.989071,-101.479881,0.014454228
1754252166,2025-08-03T20:16:06Z,XBKRB,"20.988832,-101.479912",0,8,157,,,,21/07/2025 17:04,20.988832,-101.479912,0.01670722
1754252175,2025-08-03T20:16:15Z,XBKRB,"20.988556,-101.47995",0,9,216,,,,21/07/2025 17:04,20.988556,-101.47995,0.019341191
1754252183,2025-08-03T20:16:23Z,XBKRB,"20.988321,-101.480186",0,8,219,,,,21/07/2025 17:04,20.988321,-101.480186,0.016336103
1754252192,2025-08-03T20:16:32Z,XBKRB,"20.98811,-101.48037",0,6,196,,,,21/07/2025 17:04,20.98811,-101.48037,0.013326711
1754252200,2025-08-03T20:16:40Z,XBKRB,"20.987902,-101.480453",0,7,205,,,,21/07/2025 17:04,20.987902,-101.480453,0.023031088
1754252210,2025-08-03T20:16:50Z,XBKRB,"20.987617,-101.480728",0,8,219,,,,21/07/2025 17:04,20.987617,-101.480728,0.017891427
1754252220,2025-08-03T20:17:00Z,XBKRB,"20.987402,-101.480949",0,5,219,,,,21/07/2025 17:04,20.987402,-101.480949,
,,,,,,,,,,,,,
,,,,,,,,,,,,,168.2053689
